UF,Municipio,MunicipioID,Ano,DataPgto,Mes,OB,Valor_str,Valor_num,ProgramaGrupo,Programa,Parcela,Banco,Agencia,Conta,CNPJ,CNPJ_formatado,RazaoSocial
AM,MAUES,130290,2025,2025-11-06,2025-11,029639,"3.275,00",3275.0,PDDE - PROGRAMA DINHEIRO DIRETO NA ESCOLA,PDDE - Básico - 1ª parcela,,BANCO DO BRASIL,0947,0000250775,05515636000190,05.515.636/0001-90,APMC DA ESCOLA RURAL SAO JORGE
AM,MAUES,130290,2025,2025-11-06,2025-11,029583,"3.275,00",3275.0,PDDE - PROGRAMA DINHEIRO DIRETO NA ESCOLA,PDDE - Básico - 2ª parcela,,BANCO DO BRASIL,0947,0000250775,05515636000190,05.515.636/0001-90,APMC DA ESCOLA RURAL SAO JORGE
AM,MAUES,130290,2025,2025-05-15,2025-05,007730,"3.645,00",3645.0,PDDE - PROGRAMA DINHEIRO DIRETO NA ESCOLA,PDDE - Básico - 1ª parcela,,BANCO DO BRASIL,0947,0000250740,03201806000136,03.201.806/0001-36,"ASSOC DE PAIS, MESTRES E COMUNITARIOS / APMC DA EM BERNARD"
AM,MAUES,130290,2025,2025-09-26,2025-09,023708,"3.645,00",3645.0,PDDE - PROGRAMA DINHEIRO DIRETO NA ESCOLA,PDDE - Básico - 2ª parcela,,BANCO DO BRASIL,0947,0000250740,03201806000136,03.201.806/0001-36,"ASSOC DE PAIS, MESTRES E COMUNITARIOS / APMC DA EM BERNARD"
AM,MAUES,130290,2025,2025-05-15,2025-05,007730,"3.875,00",3875.0,PDDE - PROGRAMA DINHEIRO DIRETO NA ESCOLA,PDDE - Básico - 1ª parcela,,BANCO DO BRASIL,0947,0000307238,01982751000113,01.982.751/0001-13,"ASSOC DE PAIS, MESTRES E COMUNITARIOS / APMC DA EM FRANCIS"
AM,MAUES,130290,2025,2025-09-25,2025-09,023356,"3.875,00",3875.0,PDDE - PROGRAMA DINHEIRO DIRETO NA ESCOLA,PDDE - Básico - 2ª parcela,,BANCO DO BRASIL,0947,0000307238,01982751000113,01.982.751/0001-13,"ASSOC DE PAIS, MESTRES E COMUNITARIOS / APMC DA EM FRANCIS"
AM,MAUES,130290,2025,2025-05-15,2025-05,007730,"3.465,00",3465.0,PDDE - PROGRAMA DINHEIRO DIRETO NA ESCOLA,PDDE - Básico - 1ª parcela,,BANCO DO BRASIL,0947,0000250872,14585423000125,14.585.423/0001-25,"ASSOC DE PAIS, MESTRES E COMUNITARIOS / APMC DA EM INSTITU"
AM,MAUES,130290,2025,2025-10-10,2025-10,026510,"3.465,00",3465.0,PDDE - PROGRAMA DINHEIRO DIRETO NA ESCOLA,PDDE - Básico - 2ª parcela,,BANCO DO BRASIL,0947,0000250872,14585423000125,14.585.423/0001-25,"ASSOC DE PAIS, MESTRES E COMUNITARIOS / APMC DA EM INSTITU"
AM,MAUES,130290,2025,2025-05-15,2025-05,007730,"3.095,00",3095.0,PDDE - PROGRAMA DINHEIRO DIRETO NA ESCOLA,PDDE - Básico - 1ª parcela,,BANCO DO BRASIL,0947,0000250724,03201776000168,03.201.776/0001-68,"ASSOC DE PAIS, MESTRES E COMUNITARIOS - APMC DA EM MARIA L"
AM,MAUES,130290,2025,2025-05-15,2025-05,007730,"2.885,00",2885.0,PDDE - PROGRAMA DINHEIRO DIRETO NA ESCOLA,PDDE - Básico - 1ª parcela,,BANCO DO BRASIL,0947,0000251143,03201940000137,03.201.940/0001-37,"ASSOC DE PAIS, MESTRES E COMUNITARIOS / APMC DA EM MONTE S"
AM,MAUES,130290,2025,2025-09-25,2025-09,023356,"2.885,00",2885.0,PDDE - PROGRAMA DINHEIRO DIRETO NA ESCOLA,PDDE - Básico - 2ª parcela,,BANCO DO BRASIL,0947,0000251143,03201940000137,03.201.940/0001-37,"ASSOC DE PAIS, MESTRES E COMUNITARIOS / APMC DA EM MONTE S"
AM,MAUES,130290,2025,2025-11-06,2025-11,029639,"3.205,00",3205.0,PDDE - PROGRAMA DINHEIRO DIRETO NA ESCOLA,PDDE - Básico - 1ª parcela,,BANCO DO BRASIL,0947,0000250716,03201590000109,03.201.590/0001-09,"ASSOC DE PAIS, MESTRES E COMUNITARIOS / APMC DA EM PROFA M"
AM,MAUES,130290,2025,2025-11-06,2025-11,029583,"3.205,00",3205.0,PDDE - PROGRAMA DINHEIRO DIRETO NA ESCOLA,PDDE - Básico - 2ª parcela,,BANCO DO BRASIL,0947,0000250716,03201590000109,03.201.590/0001-09,"ASSOC DE PAIS, MESTRES E COMUNITARIOS / APMC DA EM PROFA M"
AM,MAUES,130290,2025,2025-05-15,2025-05,007730,"3.345,00",3345.0,PDDE - PROGRAMA DINHEIRO DIRETO NA ESCOLA,PDDE - Básico - 1ª parcela,,BANCO DO BRASIL,0947,0000273864,08976752000102,08.976.752/0001-02,"ASSOC DE PAIS, MESTRES E COMUNITARIOS APMC DA EM ALFREDO M"
AM,MAUES,130290,2025,2025-05-15,2025-05,007968,"3.295,00",3295.0,PDDE - PROGRAMA DINHEIRO DIRETO NA ESCOLA,PDDE -PDDE Básico  1ª Infância - 1ª Parcela,,BANCO DO BRASIL,0947,0000307246,44721091000120,44.721.091/0001-20,"ASSOC DE PAIS, MESTRES E COMUNITARIOS DA CRECHE MUN GUILHE"
AM,MAUES,130290,2025,2025-09-25,2025-09,023396,"3.295,00",3295.0,PDDE - PROGRAMA DINHEIRO DIRETO NA ESCOLA,PDDE -PDDE Básico  1ª Infância - 2ª Parcela,,BANCO DO BRASIL,0947,0000307246,44721091000120,44.721.091/0001-20,"ASSOC DE PAIS, MESTRES E COMUNITARIOS DA CRECHE MUN GUILHE"
AM,MAUES,130290,2025,2025-05-15,2025-05,007968,"5.655,00",5655.0,PDDE - PROGRAMA DINHEIRO DIRETO NA ESCOLA,PDDE -PDDE Básico  1ª Infância - 1ª Parcela,,BANCO DO BRASIL,0947,0000307254,44703674000128,44.703.674/0001-28,"ASSOC DE PAIS, MESTRES E COMUNITARIOS DA CRECHE MUN RAIMUN"
AM,MAUES,130290,2025,2025-11-06,2025-11,029567,"5.655,00",5655.0,PDDE - PROGRAMA DINHEIRO DIRETO NA ESCOLA,PDDE -PDDE Básico  1ª Infância - 2ª Parcela,,BANCO DO BRASIL,0947,0000307254,44703674000128,44.703.674/0001-28,"ASSOC DE PAIS, MESTRES E COMUNITARIOS DA CRECHE MUN RAIMUN"
AM,MAUES,130290,2025,2025-05-15,2025-05,007730,"3.235,00",3235.0,PDDE - PROGRAMA DINHEIRO DIRETO NA ESCOLA,PDDE - Básico - 1ª parcela,,BANCO DO BRASIL,0947,0000309044,07508009000157,07.508.009/0001-57,"ASSOC DE PAIS, MESTRES E COMUNITARIOS DA EM AFLAUDIZIO ANT"
AM,MAUES,130290,2025,2025-09-25,2025-09,023356,"3.235,00",3235.0,PDDE - PROGRAMA DINHEIRO DIRETO NA ESCOLA,PDDE - Básico - 2ª parcela,,BANCO DO BRASIL,0947,0000309044,07508009000157,07.508.009/0001-57,"ASSOC DE PAIS, MESTRES E COMUNITARIOS DA EM AFLAUDIZIO ANT"
AM,MAUES,130290,2025,2025-05-15,2025-05,007730,"3.385,00",3385.0,PDDE - PROGRAMA DINHEIRO DIRETO NA ESCOLA,PDDE - Básico - 1ª parcela,,BANCO DO BRASIL,0947,0000251151,03201943000170,03.201.943/0001-70,"ASSOC DE PAIS, MESTRES E COMUNITARIOS DA EM ALDAIR BATISTA"
AM,MAUES,130290,2025,2025-11-06,2025-11,029583,"3.385,00",3385.0,PDDE - PROGRAMA DINHEIRO DIRETO NA ESCOLA,PDDE - Básico - 2ª parcela,,BANCO DO BRASIL,0947,0000251151,03201943000170,03.201.943/0001-70,"ASSOC DE PAIS, MESTRES E COMUNITARIOS DA EM ALDAIR BATISTA"
AM,MAUES,130290,2025,2025-05-15,2025-05,007730,"3.115,00",3115.0,PDDE - PROGRAMA DINHEIRO DIRETO NA ESCOLA,PDDE - Básico - 1ª parcela,,BANCO DO BRASIL,0947,0000251240,07509900000108,07.509.900/0001-08,"ASSOC DE PAIS, MESTRES E COMUNITARIOS DA EM BENEDITO MESSI"
AM,MAUES,130290,2025,2025-09-25,2025-09,023356,"3.115,00",3115.0,PDDE - PROGRAMA DINHEIRO DIRETO NA ESCOLA,PDDE - Básico - 2ª parcela,,BANCO DO BRASIL,0947,0000251240,07509900000108,07.509.900/0001-08,"ASSOC DE PAIS, MESTRES E COMUNITARIOS DA EM BENEDITO MESSI"
AM,MAUES,130290,2025,2025-05-15,2025-05,007730,"3.655,00",3655.0,PDDE - PROGRAMA DINHEIRO DIRETO NA ESCOLA,PDDE - Básico - 1ª parcela,,BANCO DO BRASIL,0947,0000250821,08976742000169,08.976.742/0001-69,"ASSOC DE PAIS, MESTRES E COMUNITARIOS DA EM BOA ESPERANCA"
AM,MAUES,130290,2025,2025-09-25,2025-09,023356,"3.655,00",3655.0,PDDE - PROGRAMA DINHEIRO DIRETO NA ESCOLA,PDDE - Básico - 2ª parcela,,BANCO DO BRASIL,0947,0000250821,08976742000169,08.976.742/0001-69,"ASSOC DE PAIS, MESTRES E COMUNITARIOS DA EM BOA ESPERANCA"
AM,MAUES,130290,2025,2025-05-15,2025-05,007730,"3.245,00",3245.0,PDDE - PROGRAMA DINHEIRO DIRETO NA ESCOLA,PDDE - Básico - 1ª parcela,,BANCO DO BRASIL,0947,0000271640,03201638000189,03.201.638/0001-89,"ASSOC DE PAIS, MESTRES E COMUNITARIOS DA EM DEPUTADO DARCY"
AM,MAUES,130290,2025,2025-09-25,2025-09,023356,"3.245,00",3245.0,PDDE - PROGRAMA DINHEIRO DIRETO NA ESCOLA,PDDE - Básico - 2ª parcela,,BANCO DO BRASIL,0947,0000271640,03201638000189,03.201.638/0001-89,"ASSOC DE PAIS, MESTRES E COMUNITARIOS DA EM DEPUTADO DARCY"
AM,MAUES,130290,2025,2025-05-15,2025-05,007730,"3.195,00",3195.0,PDDE - PROGRAMA DINHEIRO DIRETO NA ESCOLA,PDDE - Básico - 1ª parcela,,BANCO DO BRASIL,0947,0000251267,08976625000103,08.976.625/0001-03,"ASSOC DE PAIS, MESTRES E COMUNITARIOS DA EM FRANCISCA PINH"
AM,MAUES,130290,2025,2025-09-25,2025-09,023356,"3.195,00",3195.0,PDDE - PROGRAMA DINHEIRO DIRETO NA ESCOLA,PDDE - Básico - 2ª parcela,,BANCO DO BRASIL,0947,0000251267,08976625000103,08.976.625/0001-03,"ASSOC DE PAIS, MESTRES E COMUNITARIOS DA EM FRANCISCA PINH"
AM,MAUES,130290,2025,2025-05-15,2025-05,007730,"2.945,00",2945.0,PDDE - PROGRAMA DINHEIRO DIRETO NA ESCOLA,PDDE - Básico - 1ª parcela,,BANCO DO BRASIL,0947,000026332X,03198774000167,03.198.774/0001-67,"ASSOC DE PAIS, MESTRES E COMUNITARIOS DA EM FRANCISCO PERE"
AM,MAUES,130290,2025,2025-09-25,2025-09,023356,"2.945,00",2945.0,PDDE - PROGRAMA DINHEIRO DIRETO NA ESCOLA,PDDE - Básico - 2ª parcela,,BANCO DO BRASIL,0947,000026332X,03198774000167,03.198.774/0001-67,"ASSOC DE PAIS, MESTRES E COMUNITARIOS DA EM FRANCISCO PERE"
AM,MAUES,130290,2025,2025-05-15,2025-05,007730,"3.175,00",3175.0,PDDE - PROGRAMA DINHEIRO DIRETO NA ESCOLA,PDDE - Básico - 1ª parcela,,BANCO DO BRASIL,0947,0000251178,06297650000127,06.297.650/0001-27,"ASSOC DE PAIS, MESTRES E COMUNITARIOS DA EM FRENTE SAO JOR"
AM,MAUES,130290,2025,2025-09-25,2025-09,023356,"3.175,00",3175.0,PDDE - PROGRAMA DINHEIRO DIRETO NA ESCOLA,PDDE - Básico - 2ª parcela,,BANCO DO BRASIL,0947,0000251178,06297650000127,06.297.650/0001-27,"ASSOC DE PAIS, MESTRES E COMUNITARIOS DA EM FRENTE SAO JOR"
AM,MAUES,130290,2025,2025-05-15,2025-05,007730,"3.225,00",3225.0,PDDE - PROGRAMA DINHEIRO DIRETO NA ESCOLA,PDDE - Básico - 1ª parcela,,BANCO DO BRASIL,0947,000025066X,03201239000118,03.201.239/0001-18,"ASSOC DE PAIS, MESTRES E COMUNITARIOS DA EM GERVASIO BATIS"
AM,MAUES,130290,2025,2025-09-25,2025-09,023356,"3.225,00",3225.0,PDDE - PROGRAMA DINHEIRO DIRETO NA ESCOLA,PDDE - Básico - 2ª parcela,,BANCO DO BRASIL,0947,000025066X,03201239000118,03.201.239/0001-18,"ASSOC DE PAIS, MESTRES E COMUNITARIOS DA EM GERVASIO BATIS"
AM,MAUES,130290,2025,2025-05-15,2025-05,007730,"3.625,00",3625.0,PDDE - PROGRAMA DINHEIRO DIRETO NA ESCOLA,PDDE - Básico - 1ª parcela,,BANCO DO BRASIL,0947,0000252387,10144330000104,10.144.330/0001-04,"ASSOC DE PAIS, MESTRES E COMUNITARIOS DA EM INDIGENA ANUMA"
AM,MAUES,130290,2025,2025-09-25,2025-09,023356,"3.625,00",3625.0,PDDE - PROGRAMA DINHEIRO DIRETO NA ESCOLA,PDDE - Básico - 2ª parcela,,BANCO DO BRASIL,0947,0000252387,10144330000104,10.144.330/0001-04,"ASSOC DE PAIS, MESTRES E COMUNITARIOS DA EM INDIGENA ANUMA"
AM,MAUES,130290,2025,2025-05-15,2025-05,007730,"4.575,00",4575.0,PDDE - PROGRAMA DINHEIRO DIRETO NA ESCOLA,PDDE - Básico - 1ª parcela,,BANCO DO BRASIL,0947,0000264091,03201484000125,03.201.484/0001-25,"ASSOC DE PAIS, MESTRES E COMUNITARIOS DA EM INDIGENA GAP N"
AM,MAUES,130290,2025,2025-05-15,2025-05,007730,"3.295,00",3295.0,PDDE - PROGRAMA DINHEIRO DIRETO NA ESCOLA,PDDE - Básico - 1ª parcela,,BANCO DO BRASIL,0947,0000250805,07548128000133,07.548.128/0001-33,"ASSOC DE PAIS, MESTRES E COMUNITARIOS DA EM INDIGENA KARAW"
AM,MAUES,130290,2025,2025-09-25,2025-09,023356,"3.295,00",3295.0,PDDE - PROGRAMA DINHEIRO DIRETO NA ESCOLA,PDDE - Básico - 2ª parcela,,BANCO DO BRASIL,0947,0000250805,07548128000133,07.548.128/0001-33,"ASSOC DE PAIS, MESTRES E COMUNITARIOS DA EM INDIGENA KARAW"
AM,MAUES,130290,2025,2025-10-03,2025-10,025477,"3.185,00",3185.0,PDDE - PROGRAMA DINHEIRO DIRETO NA ESCOLA,PDDE - Básico - 1ª parcela,,BANCO DO BRASIL,0947,0000317535,08976621000117,08.976.621/0001-17,"ASSOC DE PAIS, MESTRES E COMUNITARIOS DA EM INDIGENA MUSUE"
AM,MAUES,130290,2025,2025-10-03,2025-10,025455,"3.185,00",3185.0,PDDE - PROGRAMA DINHEIRO DIRETO NA ESCOLA,PDDE - Básico - 2ª parcela,,BANCO DO BRASIL,0947,0000317535,08976621000117,08.976.621/0001-17,"ASSOC DE PAIS, MESTRES E COMUNITARIOS DA EM INDIGENA MUSUE"
AM,MAUES,130290,2025,2025-10-15,2025-10,027059,"3.365,00",3365.0,PDDE - PROGRAMA DINHEIRO DIRETO NA ESCOLA,PDDE - Básico - 2ª parcela,,BANCO DO BRASIL,0947,0000251585,08992253000109,08.992.253/0001-09,"ASSOC DE PAIS, MESTRES E COMUNITARIOS DA EM INDIGENA MYPYN"
AM,MAUES,130290,2025,2025-10-15,2025-10,027042,"3.365,00",3365.0,PDDE - PROGRAMA DINHEIRO DIRETO NA ESCOLA,PDDE - Básico - 1ª parcela,,BANCO DO BRASIL,0947,0000251585,08992253000109,08.992.253/0001-09,"ASSOC DE PAIS, MESTRES E COMUNITARIOS DA EM INDIGENA MYPYN"
AM,MAUES,130290,2025,2025-05-15,2025-05,007730,"3.445,00",3445.0,PDDE - PROGRAMA DINHEIRO DIRETO NA ESCOLA,PDDE - Básico - 1ª parcela,,BANCO DO BRASIL,0947,0000266795,06297639000167,06.297.639/0001-67,"ASSOC DE PAIS, MESTRES E COMUNITARIOS DA EM JACINTO SOARES"
AM,MAUES,130290,2025,2025-09-25,2025-09,023356,"3.445,00",3445.0,PDDE - PROGRAMA DINHEIRO DIRETO NA ESCOLA,PDDE - Básico - 2ª parcela,,BANCO DO BRASIL,0947,0000266795,06297639000167,06.297.639/0001-67,"ASSOC DE PAIS, MESTRES E COMUNITARIOS DA EM JACINTO SOARES"
AM,MAUES,130290,2025,2025-06-25,2025-06,013103,"7.285,00",7285.0,PDDE - PROGRAMA DINHEIRO DIRETO NA ESCOLA,PDDE - Básico - 1ª parcela,,BANCO DO BRASIL,0947,0000251003,01982757000190,01.982.757/0001-90,"ASSOC DE PAIS, MESTRES E COMUNITARIOS DA EM JANDIRA MC COMB"
AM,MAUES,130290,2025,2025-09-25,2025-09,023356,"7.285,00",7285.0,PDDE - PROGRAMA DINHEIRO DIRETO NA ESCOLA,PDDE - Básico - 2ª parcela,,BANCO DO BRASIL,0947,0000251003,01982757000190,01.982.757/0001-90,"ASSOC DE PAIS, MESTRES E COMUNITARIOS DA EM JANDIRA MC COMB"
AM,MAUES,130290,2025,2025-05-15,2025-05,007730,"3.215,00",3215.0,PDDE - PROGRAMA DINHEIRO DIRETO NA ESCOLA,PDDE - Básico - 1ª parcela,,BANCO DO BRASIL,0947,0000251186,06310517000163,06.310.517/0001-63,"ASSOC DE PAIS, MESTRES E COMUNITARIOS DA EM JOANA QUINTINO"
AM,MAUES,130290,2025,2025-09-25,2025-09,023356,"3.215,00",3215.0,PDDE - PROGRAMA DINHEIRO DIRETO NA ESCOLA,PDDE - Básico - 2ª parcela,,BANCO DO BRASIL,0947,0000251186,06310517000163,06.310.517/0001-63,"ASSOC DE PAIS, MESTRES E COMUNITARIOS DA EM JOANA QUINTINO"
AM,MAUES,130290,2025,2025-05-15,2025-05,007730,"3.145,00",3145.0,PDDE - PROGRAMA DINHEIRO DIRETO NA ESCOLA,PDDE - Básico - 1ª parcela,,BANCO DO BRASIL,0947,0000279226,03201586000140,03.201.586/0001-40,"ASSOC DE PAIS, MESTRES E COMUNITARIOS DA EM JOAO CIRILO DE"
AM,MAUES,130290,2025,2025-09-25,2025-09,023356,"3.145,00",3145.0,PDDE - PROGRAMA DINHEIRO DIRETO NA ESCOLA,PDDE - Básico - 2ª parcela,,BANCO DO BRASIL,0947,0000279226,03201586000140,03.201.586/0001-40,"ASSOC DE PAIS, MESTRES E COMUNITARIOS DA EM JOAO CIRILO DE"
AM,MAUES,130290,2025,2025-09-26,2025-09,024510,"3.125,00",3125.0,PDDE - PROGRAMA DINHEIRO DIRETO NA ESCOLA,PDDE - Básico - 1ª parcela,,BANCO DO BRASIL,0947,0000269727,08976627000194,08.976.627/0001-94,"ASSOC DE PAIS, MESTRES E COMUNITARIOS DA EM JOAO FERREIRA"
AM,MAUES,130290,2025,2025-09-26,2025-09,024562,"3.125,00",3125.0,PDDE - PROGRAMA DINHEIRO DIRETO NA ESCOLA,PDDE - Básico - 2ª parcela,,BANCO DO BRASIL,0947,0000269727,08976627000194,08.976.627/0001-94,"ASSOC DE PAIS, MESTRES E COMUNITARIOS DA EM JOAO FERREIRA"
AM,MAUES,130290,2025,2025-10-08,2025-10,025956,"4.075,00",4075.0,PDDE - PROGRAMA DINHEIRO DIRETO NA ESCOLA,PDDE - Básico - 1ª parcela,,BANCO DO BRASIL,0947,0000247154,06297668000129,06.297.668/0001-29,"ASSOC DE PAIS, MESTRES E COMUNITARIOS DA EM LIVRO ABERTO"
AM,MAUES,130290,2025,2025-10-10,2025-10,026510,"4.075,00",4075.0,PDDE - PROGRAMA DINHEIRO DIRETO NA ESCOLA,PDDE - Básico - 2ª parcela,,BANCO DO BRASIL,0947,0000247154,06297668000129,06.297.668/0001-29,"ASSOC DE PAIS, MESTRES E COMUNITARIOS DA EM LIVRO ABERTO"
AM,MAUES,130290,2025,2025-05-15,2025-05,007730,"3.305,00",3305.0,PDDE - PROGRAMA DINHEIRO DIRETO NA ESCOLA,PDDE - Básico - 1ª parcela,,BANCO DO BRASIL,0947,0000251194,06348034000158,06.348.034/0001-58,"ASSOC DE PAIS, MESTRES E COMUNITARIOS DA EM LUZ DE VERDADE"
AM,MAUES,130290,2025,2025-09-25,2025-09,023356,"3.305,00",3305.0,PDDE - PROGRAMA DINHEIRO DIRETO NA ESCOLA,PDDE - Básico - 2ª parcela,,BANCO DO BRASIL,0947,0000251194,06348034000158,06.348.034/0001-58,"ASSOC DE PAIS, MESTRES E COMUNITARIOS DA EM LUZ DE VERDADE"
AM,MAUES,130290,2025,2025-05-15,2025-05,007730,"3.865,00",3865.0,PDDE - PROGRAMA DINHEIRO DIRETO NA ESCOLA,PDDE - Básico - 1ª parcela,,BANCO DO BRASIL,0947,0000250813,08976723000132,08.976.723/0001-32,"ASSOC DE PAIS, MESTRES E COMUNITARIOS DA EM MANOEL MICHILE"
AM,MAUES,130290,2025,2025-09-25,2025-09,023356,"3.865,00",3865.0,PDDE - PROGRAMA DINHEIRO DIRETO NA ESCOLA,PDDE - Básico - 2ª parcela,,BANCO DO BRASIL,0947,0000250813,08976723000132,08.976.723/0001-32,"ASSOC DE PAIS, MESTRES E COMUNITARIOS DA EM MANOEL MICHILE"
AM,MAUES,130290,2025,2025-05-15,2025-05,007730,"3.315,00",3315.0,PDDE - PROGRAMA DINHEIRO DIRETO NA ESCOLA,PDDE - Básico - 1ª parcela,,BANCO DO BRASIL,0947,0000269662,07507987000184,07.507.987/0001-84,"ASSOC DE PAIS, MESTRES E COMUNITARIOS DA EM MARIA MADALENA"
AM,MAUES,130290,2025,2025-09-25,2025-09,023356,"3.315,00",3315.0,PDDE - PROGRAMA DINHEIRO DIRETO NA ESCOLA,PDDE - Básico - 2ª parcela,,BANCO DO BRASIL,0947,0000269662,07507987000184,07.507.987/0001-84,"ASSOC DE PAIS, MESTRES E COMUNITARIOS DA EM MARIA MADALENA"
AM,MAUES,130290,2025,2025-03-25,2025-03,003537,"28.000,00",28000.0,"PDDE EQUIDADE - ÁGUA E ESGOTAMENTO SANITÁRIO, ESCOLA DO CAMPO, ESCOLA ACESSÍVEL E PDE ESCOLA - ANTIG",PDDE AE - Água,001,BANCO DO BRASIL,0947,0000305987,03201158000118,03.201.158/0001-18,"ASSOC DE PAIS, MESTRES E COMUNITARIOS DA EM MARIO DE ALMEI"
AM,MAUES,130290,2025,2025-05-15,2025-05,007730,"3.305,00",3305.0,PDDE - PROGRAMA DINHEIRO DIRETO NA ESCOLA,PDDE - Básico - 1ª parcela,,BANCO DO BRASIL,0947,0000251208,06349254000104,06.349.254/0001-04,"ASSOC DE PAIS, MESTRES E COMUNITARIOS DA EM MILTON BELIZAR"
AM,MAUES,130290,2025,2025-09-25,2025-09,023356,"3.305,00",3305.0,PDDE - PROGRAMA DINHEIRO DIRETO NA ESCOLA,PDDE - Básico - 2ª parcela,,BANCO DO BRASIL,0947,0000251208,06349254000104,06.349.254/0001-04,"ASSOC DE PAIS, MESTRES E COMUNITARIOS DA EM MILTON BELIZAR"
AM,MAUES,130290,2025,2025-05-15,2025-05,007730,"3.205,00",3205.0,PDDE - PROGRAMA DINHEIRO DIRETO NA ESCOLA,PDDE - Básico - 1ª parcela,,BANCO DO BRASIL,0947,0000263338,03201757000131,03.201.757/0001-31,"ASSOC DE PAIS, MESTRES E COMUNITARIOS DA EM PROF JOAO LEIT"
AM,MAUES,130290,2025,2025-09-25,2025-09,023356,"3.205,00",3205.0,PDDE - PROGRAMA DINHEIRO DIRETO NA ESCOLA,PDDE - Básico - 2ª parcela,,BANCO DO BRASIL,0947,0000263338,03201757000131,03.201.757/0001-31,"ASSOC DE PAIS, MESTRES E COMUNITARIOS DA EM PROF JOAO LEIT"
AM,MAUES,130290,2025,2025-05-15,2025-05,007730,"3.995,00",3995.0,PDDE - PROGRAMA DINHEIRO DIRETO NA ESCOLA,PDDE - Básico - 1ª parcela,,BANCO DO BRASIL,0947,0000250783,07513314000137,07.513.314/0001-37,"ASSOC DE PAIS, MESTRES E COMUNITARIOS DA EM RAUL ALVES BAR"
AM,MAUES,130290,2025,2025-11-06,2025-11,029583,"3.995,00",3995.0,PDDE - PROGRAMA DINHEIRO DIRETO NA ESCOLA,PDDE - Básico - 2ª parcela,,BANCO DO BRASIL,0947,0000250783,07513314000137,07.513.314/0001-37,"ASSOC DE PAIS, MESTRES E COMUNITARIOS DA EM RAUL ALVES BAR"
AM,MAUES,130290,2025,2025-05-15,2025-05,007730,"3.075,00",3075.0,PDDE - PROGRAMA DINHEIRO DIRETO NA ESCOLA,PDDE - Básico - 1ª parcela,,BANCO DO BRASIL,0947,0000263702,03201927000188,03.201.927/0001-88,"ASSOC DE PAIS, MESTRES E COMUNITARIOS DA EM RURAL EMILIANO"
AM,MAUES,130290,2025,2025-09-25,2025-09,023356,"3.075,00",3075.0,PDDE - PROGRAMA DINHEIRO DIRETO NA ESCOLA,PDDE - Básico - 2ª parcela,,BANCO DO BRASIL,0947,0000263702,03201927000188,03.201.927/0001-88,"ASSOC DE PAIS, MESTRES E COMUNITARIOS DA EM RURAL EMILIANO"
AM,MAUES,130290,2025,2025-05-15,2025-05,007730,"5.075,00",5075.0,PDDE - PROGRAMA DINHEIRO DIRETO NA ESCOLA,PDDE - Básico - 1ª parcela,,BANCO DO BRASIL,0947,000024709X,01982752000168,01.982.752/0001-68,"ASSOC DE PAIS, MESTRES E COMUNITARIOS DA EM SALUM DE ALMEI"
AM,MAUES,130290,2025,2025-09-25,2025-09,023356,"5.075,00",5075.0,PDDE - PROGRAMA DINHEIRO DIRETO NA ESCOLA,PDDE - Básico - 2ª parcela,,BANCO DO BRASIL,0947,000024709X,01982752000168,01.982.752/0001-68,"ASSOC DE PAIS, MESTRES E COMUNITARIOS DA EM SALUM DE ALMEI"
AM,MAUES,130290,2025,2025-05-15,2025-05,007730,"3.005,00",3005.0,PDDE - PROGRAMA DINHEIRO DIRETO NA ESCOLA,PDDE - Básico - 1ª parcela,,BANCO DO BRASIL,0947,0000251232,07509895000133,07.509.895/0001-33,"ASSOC DE PAIS, MESTRES E COMUNITARIOS DA EM SAO FRANCISCO"
AM,MAUES,130290,2025,2025-09-25,2025-09,023356,"3.005,00",3005.0,PDDE - PROGRAMA DINHEIRO DIRETO NA ESCOLA,PDDE - Básico - 2ª parcela,,BANCO DO BRASIL,0947,0000251232,07509895000133,07.509.895/0001-33,"ASSOC DE PAIS, MESTRES E COMUNITARIOS DA EM SAO FRANCISCO"
AM,MAUES,130290,2025,2025-09-26,2025-09,024562,"3.125,00",3125.0,PDDE - PROGRAMA DINHEIRO DIRETO NA ESCOLA,PDDE - Básico - 2ª parcela,,BANCO DO BRASIL,0947,000025083X,08976750000105,08.976.750/0001-05,"ASSOC DE PAIS, MESTRES E COMUNITARIOS DA EM SIDNEY RICARDO"
AM,MAUES,130290,2025,2025-09-26,2025-09,024510,"3.125,00",3125.0,PDDE - PROGRAMA DINHEIRO DIRETO NA ESCOLA,PDDE - Básico - 1ª parcela,,BANCO DO BRASIL,0947,000025083X,08976750000105,08.976.750/0001-05,"ASSOC DE PAIS, MESTRES E COMUNITARIOS DA EM SIDNEY RICARDO"
AM,MAUES,130290,2025,2025-05-29,2025-05,009814,"3.495,00",3495.0,PDDE - PROGRAMA DINHEIRO DIRETO NA ESCOLA,PDDE - Básico - 1ª parcela,,BANCO DO BRASIL,0947,0000247162,06330038000109,06.330.038/0001-09,"ASSOC DE PAIS, MESTRES E COMUNITARIOS DA EM TURMA DA MONICA"
AM,MAUES,130290,2025,2025-09-25,2025-09,023356,"3.495,00",3495.0,PDDE - PROGRAMA DINHEIRO DIRETO NA ESCOLA,PDDE - Básico - 2ª parcela,,BANCO DO BRASIL,0947,0000247162,06330038000109,06.330.038/0001-09,"ASSOC DE PAIS, MESTRES E COMUNITARIOS DA EM TURMA DA MONICA"
AM,MAUES,130290,2025,2025-06-25,2025-06,013103,"4.115,00",4115.0,PDDE - PROGRAMA DINHEIRO DIRETO NA ESCOLA,PDDE - Básico - 1ª parcela,,BANCO DO BRASIL,0947,000025116X,03253634000144,03.253.634/0001-44,"ASSOC DE PAIS, MESTRES E COMUNITARIOS DA ESCOLA APARICIO D"
AM,MAUES,130290,2025,2025-09-25,2025-09,023356,"4.115,00",4115.0,PDDE - PROGRAMA DINHEIRO DIRETO NA ESCOLA,PDDE - Básico - 2ª parcela,,BANCO DO BRASIL,0947,000025116X,03253634000144,03.253.634/0001-44,"ASSOC DE PAIS, MESTRES E COMUNITARIOS DA ESCOLA APARICIO D"
AM,MAUES,130290,2025,2025-05-15,2025-05,007730,"3.345,00",3345.0,PDDE - PROGRAMA DINHEIRO DIRETO NA ESCOLA,PDDE - Básico - 1ª parcela,,BANCO DO BRASIL,0947,0000309052,03201869000192,03.201.869/0001-92,"ASSOC DE PAIS, MESTRES E COMUNITARIOS DA ESCOLA BOA ESPERA"
AM,MAUES,130290,2025,2025-09-25,2025-09,023356,"3.345,00",3345.0,PDDE - PROGRAMA DINHEIRO DIRETO NA ESCOLA,PDDE - Básico - 2ª parcela,,BANCO DO BRASIL,0947,0000309052,03201869000192,03.201.869/0001-92,"ASSOC DE PAIS, MESTRES E COMUNITARIOS DA ESCOLA BOA ESPERA"
AM,MAUES,130290,2025,2025-05-15,2025-05,007730,"2.955,00",2955.0,PDDE - PROGRAMA DINHEIRO DIRETO NA ESCOLA,PDDE - Básico - 1ª parcela,,BANCO DO BRASIL,0947,0000269646,03201931000146,03.201.931/0001-46,"ASSOC DE PAIS, MESTRES E COMUNITARIOS DA ESCOLA CARLOS JOS"
AM,MAUES,130290,2025,2025-09-25,2025-09,023356,"2.955,00",2955.0,PDDE - PROGRAMA DINHEIRO DIRETO NA ESCOLA,PDDE - Básico - 2ª parcela,,BANCO DO BRASIL,0947,0000269646,03201931000146,03.201.931/0001-46,"ASSOC DE PAIS, MESTRES E COMUNITARIOS DA ESCOLA CARLOS JOS"
AM,MAUES,130290,2025,2025-05-15,2025-05,007730,"3.225,00",3225.0,PDDE - PROGRAMA DINHEIRO DIRETO NA ESCOLA,PDDE - Básico - 1ª parcela,,BANCO DO BRASIL,0947,0000251070,03201550000167,03.201.550/0001-67,"ASSOC DE PAIS, MESTRES E COMUNITARIOS DA ESCOLA CESAR AUGU"
AM,MAUES,130290,2025,2025-05-15,2025-05,007730,"3.055,00",3055.0,PDDE - PROGRAMA DINHEIRO DIRETO NA ESCOLA,PDDE - Básico - 1ª parcela,,BANCO DO BRASIL,0947,0000256528,03201853000180,03.201.853/0001-80,"ASSOC DE PAIS, MESTRES E COMUNITARIOS DA ESCOLA EDILSON RO"
AM,MAUES,130290,2025,2025-05-15,2025-05,007730,"3.285,00",3285.0,PDDE - PROGRAMA DINHEIRO DIRETO NA ESCOLA,PDDE - Básico - 1ª parcela,,BANCO DO BRASIL,0947,0000266787,03201681000144,03.201.681/0001-44,"ASSOC DE PAIS, MESTRES E COMUNITARIOS DA ESCOLA EDMUNDO AI"
AM,MAUES,130290,2025,2025-09-25,2025-09,023356,"3.285,00",3285.0,PDDE - PROGRAMA DINHEIRO DIRETO NA ESCOLA,PDDE - Básico - 2ª parcela,,BANCO DO BRASIL,0947,0000266787,03201681000144,03.201.681/0001-44,"ASSOC DE PAIS, MESTRES E COMUNITARIOS DA ESCOLA EDMUNDO AI"
AM,MAUES,130290,2025,2025-05-15,2025-05,007730,"3.175,00",3175.0,PDDE - PROGRAMA DINHEIRO DIRETO NA ESCOLA,PDDE - Básico - 1ª parcela,,BANCO DO BRASIL,0947,0000309060,03201897000100,03.201.897/0001-00,"ASSOC DE PAIS, MESTRES E COMUNITARIOS DA ESCOLA ENEIAS DIA"
AM,MAUES,130290,2025,2025-09-25,2025-09,023356,"3.175,00",3175.0,PDDE - PROGRAMA DINHEIRO DIRETO NA ESCOLA,PDDE - Básico - 2ª parcela,,BANCO DO BRASIL,0947,0000309060,03201897000100,03.201.897/0001-00,"ASSOC DE PAIS, MESTRES E COMUNITARIOS DA ESCOLA ENEIAS DIA"
AM,MAUES,130290,2025,2025-05-15,2025-05,007730,"3.535,00",3535.0,PDDE - PROGRAMA DINHEIRO DIRETO NA ESCOLA,PDDE - Básico - 1ª parcela,,BANCO DO BRASIL,0947,0000250619,03198787000136,03.198.787/0001-36,"ASSOC DE PAIS, MESTRES E COMUNITARIOS DA ESCOLA HIGINA BON"
AM,MAUES,130290,2025,2025-09-25,2025-09,023356,"3.535,00",3535.0,PDDE - PROGRAMA DINHEIRO DIRETO NA ESCOLA,PDDE - Básico - 2ª parcela,,BANCO DO BRASIL,0947,0000250619,03198787000136,03.198.787/0001-36,"ASSOC DE PAIS, MESTRES E COMUNITARIOS DA ESCOLA HIGINA BON"
AM,MAUES,130290,2025,2025-07-11,2025-07,015714,"4.065,00",4065.0,PDDE - PROGRAMA DINHEIRO DIRETO NA ESCOLA,PDDE - Básico - 1ª parcela,,BANCO DO BRASIL,0947,0000251011,03198808000113,03.198.808/0001-13,"ASSOC DE PAIS, MESTRES E COMUNITARIOS DA ESCOLA JOAO GABRI"
AM,MAUES,130290,2025,2025-09-25,2025-09,023356,"4.065,00",4065.0,PDDE - PROGRAMA DINHEIRO DIRETO NA ESCOLA,PDDE - Básico - 2ª parcela,,BANCO DO BRASIL,0947,0000251011,03198808000113,03.198.808/0001-13,"ASSOC DE PAIS, MESTRES E COMUNITARIOS DA ESCOLA JOAO GABRI"
AM,MAUES,130290,2025,2025-05-15,2025-05,007730,"3.625,00",3625.0,PDDE - PROGRAMA DINHEIRO DIRETO NA ESCOLA,PDDE - Básico - 1ª parcela,,BANCO DO BRASIL,0947,0000251356,03201458000105,03.201.458/0001-05,"ASSOC DE PAIS, MESTRES E COMUNITARIOS DA ESCOLA JULIAO DA"
AM,MAUES,130290,2025,2025-09-25,2025-09,023356,"3.625,00",3625.0,PDDE - PROGRAMA DINHEIRO DIRETO NA ESCOLA,PDDE - Básico - 2ª parcela,,BANCO DO BRASIL,0947,0000251356,03201458000105,03.201.458/0001-05,"ASSOC DE PAIS, MESTRES E COMUNITARIOS DA ESCOLA JULIAO DA"
AM,MAUES,130290,2025,2025-05-15,2025-05,007730,"2.875,00",2875.0,PDDE - PROGRAMA DINHEIRO DIRETO NA ESCOLA,PDDE - Básico - 1ª parcela,,BANCO DO BRASIL,0947,0000251275,11126329000110,11.126.329/0001-10,"ASSOC DE PAIS, MESTRES E COMUNITARIOS DA ESCOLA JURACEMA L"
AM,MAUES,130290,2025,2025-09-25,2025-09,023356,"2.875,00",2875.0,PDDE - PROGRAMA DINHEIRO DIRETO NA ESCOLA,PDDE - Básico - 2ª parcela,,BANCO DO BRASIL,0947,0000251275,11126329000110,11.126.329/0001-10,"ASSOC DE PAIS, MESTRES E COMUNITARIOS DA ESCOLA JURACEMA L"
AM,MAUES,130290,2025,2025-05-15,2025-05,007730,"4.005,00",4005.0,PDDE - PROGRAMA DINHEIRO DIRETO NA ESCOLA,PDDE - Básico - 1ª parcela,,BANCO DO BRASIL,0947,0000251046,03201232000104,03.201.232/0001-04,"ASSOC DE PAIS, MESTRES E COMUNITARIOS DA ESCOLA PADRE LEAO"
AM,MAUES,130290,2025,2025-05-15,2025-05,007730,"3.945,00",3945.0,PDDE - PROGRAMA DINHEIRO DIRETO NA ESCOLA,PDDE - Básico - 1ª parcela,,BANCO DO BRASIL,0947,0000251097,03201594000197,03.201.594/0001-97,"ASSOC DE PAIS, MESTRES E COMUNITARIOS DA ESCOLA PE DEMETRI"
AM,MAUES,130290,2025,2025-09-25,2025-09,023356,"3.945,00",3945.0,PDDE - PROGRAMA DINHEIRO DIRETO NA ESCOLA,PDDE - Básico - 2ª parcela,,BANCO DO BRASIL,0947,0000251097,03201594000197,03.201.594/0001-97,"ASSOC DE PAIS, MESTRES E COMUNITARIOS DA ESCOLA PE DEMETRI"
AM,MAUES,130290,2025,2025-05-15,2025-05,007730,"3.095,00",3095.0,PDDE - PROGRAMA DINHEIRO DIRETO NA ESCOLA,PDDE - Básico - 1ª parcela,,BANCO DO BRASIL,0947,0000309079,03198894000164,03.198.894/0001-64,"ASSOC DE PAIS, MESTRES E COMUNITARIOS DA ESCOLA PRIMO MICH"
AM,MAUES,130290,2025,2025-09-25,2025-09,023356,"3.095,00",3095.0,PDDE - PROGRAMA DINHEIRO DIRETO NA ESCOLA,PDDE - Básico - 2ª parcela,,BANCO DO BRASIL,0947,0000309079,03198894000164,03.198.894/0001-64,"ASSOC DE PAIS, MESTRES E COMUNITARIOS DA ESCOLA PRIMO MICH"
AM,MAUES,130290,2025,2025-03-19,2025-03,003135,"25.907,00",25907.0,"PDDE EQUIDADE - ÁGUA E ESGOTAMENTO SANITÁRIO, ESCOLA DO CAMPO, ESCOLA ACESSÍVEL E PDE ESCOLA - ANTIG",PDDE AE - CAMPO,001,BANCO DO BRASIL,0947,0000266701,03201858000102,03.201.858/0001-02,"ASSOC DE PAIS, MESTRES E COMUNITARIOS DA ESCOLA RAIMUNDA D"
AM,MAUES,130290,2025,2025-05-15,2025-05,007730,"3.345,00",3345.0,PDDE - PROGRAMA DINHEIRO DIRETO NA ESCOLA,PDDE - Básico - 1ª parcela,,BANCO DO BRASIL,0947,0000251089,03201572000127,03.201.572/0001-27,"ASSOC DE PAIS, MESTRES E COMUNITARIOS DA ESCOLA RAIMUNDO W"
AM,MAUES,130290,2025,2025-05-15,2025-05,007730,"3.125,00",3125.0,PDDE - PROGRAMA DINHEIRO DIRETO NA ESCOLA,PDDE - Básico - 1ª parcela,,BANCO DO BRASIL,0947,0000309087,03198800000157,03.198.800/0001-57,"ASSOC DE PAIS, MESTRES E COMUNITARIOS DA ESCOLA SAO FRANCI"
AM,MAUES,130290,2025,2025-09-25,2025-09,023356,"3.125,00",3125.0,PDDE - PROGRAMA DINHEIRO DIRETO NA ESCOLA,PDDE - Básico - 2ª parcela,,BANCO DO BRASIL,0947,0000309087,03198800000157,03.198.800/0001-57,"ASSOC DE PAIS, MESTRES E COMUNITARIOS DA ESCOLA SAO FRANCI"
AM,MAUES,130290,2025,2025-05-15,2025-05,007730,"3.715,00",3715.0,PDDE - PROGRAMA DINHEIRO DIRETO NA ESCOLA,PDDE - Básico - 1ª parcela,,BANCO DO BRASIL,0947,0000263346,03201781000170,03.201.781/0001-70,"ASSOC DE PAIS, MESTRES E COMUNITARIOS DA ESCOLA SAO SEBAST"
AM,MAUES,130290,2025,2025-09-25,2025-09,023356,"3.715,00",3715.0,PDDE - PROGRAMA DINHEIRO DIRETO NA ESCOLA,PDDE - Básico - 2ª parcela,,BANCO DO BRASIL,0947,0000263346,03201781000170,03.201.781/0001-70,"ASSOC DE PAIS, MESTRES E COMUNITARIOS DA ESCOLA SAO SEBAST"
AM,MAUES,130290,2025,2025-05-15,2025-05,007730,"3.545,00",3545.0,PDDE - PROGRAMA DINHEIRO DIRETO NA ESCOLA,PDDE - Básico - 1ª parcela,,BANCO DO BRASIL,0947,0000250635,03198840000107,03.198.840/0001-07,"ASSOC DE PAIS, MESTRES E COMUNITARIOS DA ESCOLA SEN JOAO B"
AM,MAUES,130290,2025,2025-05-15,2025-05,007730,"4.305,00",4305.0,PDDE - PROGRAMA DINHEIRO DIRETO NA ESCOLA,PDDE - Básico - 1ª parcela,,BANCO DO BRASIL,0947,0000251364,03253600000150,03.253.600/0001-50,"ASSOC DE PAIS, MESTRES E COMUNITARIOS DA ESCOLA SENA EUNIC"
AM,MAUES,130290,2025,2025-09-25,2025-09,023356,"4.305,00",4305.0,PDDE - PROGRAMA DINHEIRO DIRETO NA ESCOLA,PDDE - Básico - 2ª parcela,,BANCO DO BRASIL,0947,0000251364,03253600000150,03.253.600/0001-50,"ASSOC DE PAIS, MESTRES E COMUNITARIOS DA ESCOLA SENA EUNIC"
AM,MAUES,130290,2025,2025-05-15,2025-05,007730,"3.745,00",3745.0,PDDE - PROGRAMA DINHEIRO DIRETO NA ESCOLA,PDDE - Básico - 1ª parcela,,BANCO DO BRASIL,0947,0000251135,03201920000166,03.201.920/0001-66,"ASSOC DE PAIS, MESTRES E COMUNITARIOS DA ESCOLA SERGIO MAZ"
AM,MAUES,130290,2025,2025-09-25,2025-09,023356,"3.745,00",3745.0,PDDE - PROGRAMA DINHEIRO DIRETO NA ESCOLA,PDDE - Básico - 2ª parcela,,BANCO DO BRASIL,0947,0000251135,03201920000166,03.201.920/0001-66,"ASSOC DE PAIS, MESTRES E COMUNITARIOS DA ESCOLA SERGIO MAZ"
AM,MAUES,130290,2025,2025-05-15,2025-05,007730,"3.255,00",3255.0,PDDE - PROGRAMA DINHEIRO DIRETO NA ESCOLA,PDDE - Básico - 1ª parcela,,BANCO DO BRASIL,0947,0000251348,03198837000185,03.198.837/0001-85,"ASSOC DE PAIS, MESTRES E COMUNITARIOS DA ESCOLA TORQUATO B"
AM,MAUES,130290,2025,2025-10-10,2025-10,026510,"3.255,00",3255.0,PDDE - PROGRAMA DINHEIRO DIRETO NA ESCOLA,PDDE - Básico - 2ª parcela,,BANCO DO BRASIL,0947,0000251348,03198837000185,03.198.837/0001-85,"ASSOC DE PAIS, MESTRES E COMUNITARIOS DA ESCOLA TORQUATO B"
AM,MAUES,130290,2025,2025-09-26,2025-09,024510,"5.720,00",5720.0,PDDE - PROGRAMA DINHEIRO DIRETO NA ESCOLA,PDDE - Básico - 1ª parcela,,BANCO DO BRASIL,0947,0000273848,03253627000142,03.253.627/0001-42,"ASSOC DE PAIS, MESTRES E COMUNITARIOS DAS ESC MUNICIPAIS C"
AM,MAUES,130290,2025,2025-09-26,2025-09,024562,"5.720,00",5720.0,PDDE - PROGRAMA DINHEIRO DIRETO NA ESCOLA,PDDE - Básico - 2ª parcela,,BANCO DO BRASIL,0947,0000273848,03253627000142,03.253.627/0001-42,"ASSOC DE PAIS, MESTRES E COMUNITARIOS DAS ESC MUNICIPAIS C"
AM,MAUES,130290,2025,2025-05-29,2025-05,009814,"3.375,00",3375.0,PDDE - PROGRAMA DINHEIRO DIRETO NA ESCOLA,PDDE - Básico - 1ª parcela,,BANCO DO BRASIL,0947,0000264318,03201408000110,03.201.408/0001-10,"ASSOC DE PAIS, MESTRES E COMUNITARIOS EM CAROLINO DIAS DOS"
AM,MAUES,130290,2025,2025-09-25,2025-09,023356,"3.375,00",3375.0,PDDE - PROGRAMA DINHEIRO DIRETO NA ESCOLA,PDDE - Básico - 2ª parcela,,BANCO DO BRASIL,0947,0000264318,03201408000110,03.201.408/0001-10,"ASSOC DE PAIS, MESTRES E COMUNITARIOS EM CAROLINO DIAS DOS"
AM,MAUES,130290,2025,2025-05-15,2025-05,007730,"2.935,00",2935.0,PDDE - PROGRAMA DINHEIRO DIRETO NA ESCOLA,PDDE - Básico - 1ª parcela,,BANCO DO BRASIL,0947,0000269484,03198875000138,03.198.875/0001-38,"ASSOC DE PAIS, MESTRES E COMUNITARIOS/APMC DA EM JULIO AUG"
AM,MAUES,130290,2025,2025-09-25,2025-09,023356,"2.935,00",2935.0,PDDE - PROGRAMA DINHEIRO DIRETO NA ESCOLA,PDDE - Básico - 2ª parcela,,BANCO DO BRASIL,0947,0000269484,03198875000138,03.198.875/0001-38,"ASSOC DE PAIS, MESTRES E COMUNITARIOS/APMC DA EM JULIO AUG"
AM,MAUES,130290,2025,2025-10-15,2025-10,027059,"3.375,00",3375.0,PDDE - PROGRAMA DINHEIRO DIRETO NA ESCOLA,PDDE - Básico - 2ª parcela,,BANCO DO BRASIL,0947,0000269573,03201656000160,03.201.656/0001-60,"ASSOC DOS PAIS, MESTRES E COMUNITARIOS DA ESCOLA SAO RAIMU"
AM,MAUES,130290,2025,2025-10-15,2025-10,027042,"3.375,00",3375.0,PDDE - PROGRAMA DINHEIRO DIRETO NA ESCOLA,PDDE - Básico - 1ª parcela,,BANCO DO BRASIL,0947,0000269573,03201656000160,03.201.656/0001-60,"ASSOC DOS PAIS, MESTRES E COMUNITARIOS DA ESCOLA SAO RAIMU"
AM,MAUES,130290,2025,2025-05-15,2025-05,007730,"6.095,00",6095.0,PDDE - PROGRAMA DINHEIRO DIRETO NA ESCOLA,PDDE - Básico - 1ª parcela,,BANCO DO BRASIL,0947,0000270067,44695078000143,44.695.078/0001-43,ASSOC DE PAIS MESTRES E COMUNITARIOS DA CRECHE MUN RAIMUN
AM,MAUES,130290,2025,2025-09-25,2025-09,023356,"6.095,00",6095.0,PDDE - PROGRAMA DINHEIRO DIRETO NA ESCOLA,PDDE - Básico - 2ª parcela,,BANCO DO BRASIL,0947,0000270067,44695078000143,44.695.078/0001-43,ASSOC DE PAIS MESTRES E COMUNITARIOS DA CRECHE MUN RAIMUN
AM,MAUES,130290,2025,2025-10-15,2025-10,027042,"3.255,00",3255.0,PDDE - PROGRAMA DINHEIRO DIRETO NA ESCOLA,PDDE - Básico - 1ª parcela,,BANCO DO BRASIL,0947,000027805X,03198904000161,03.198.904/0001-61,ASSOC DE PAIS MESTRES E COMUNITARIOS DA EM FRANCISCO LOPE
AM,MAUES,130290,2025,2025-10-15,2025-10,027059,"3.255,00",3255.0,PDDE - PROGRAMA DINHEIRO DIRETO NA ESCOLA,PDDE - Básico - 2ª parcela,,BANCO DO BRASIL,0947,000027805X,03198904000161,03.198.904/0001-61,ASSOC DE PAIS MESTRES E COMUNITARIOS DA EM FRANCISCO LOPE
AM,MAUES,130290,2025,2025-05-15,2025-05,007730,"3.025,00",3025.0,PDDE - PROGRAMA DINHEIRO DIRETO NA ESCOLA,PDDE - Básico - 1ª parcela,,BANCO DO BRASIL,0947,0000274135,03201913000164,03.201.913/0001-64,ASSOC DE PAIS MESTRES E COMUNITARIOS DA ESCOLA JOSE FRANC
AM,MAUES,130290,2025,2025-09-25,2025-09,023356,"3.025,00",3025.0,PDDE - PROGRAMA DINHEIRO DIRETO NA ESCOLA,PDDE - Básico - 2ª parcela,,BANCO DO BRASIL,0947,0000274135,03201913000164,03.201.913/0001-64,ASSOC DE PAIS MESTRES E COMUNITARIOS DA ESCOLA JOSE FRANC
AM,MAUES,130290,2025,2025-11-28,2025-11,032048,"3.045,00",3045.0,PDDE - PROGRAMA DINHEIRO DIRETO NA ESCOLA,PDDE - Básico - 1ª parcela,,BANCO DO BRASIL,0947,0000318868,07509887000197,07.509.887/0001-97,"ASSOCIACAO DE PAIS, MESTRES E COMUNITARIOS DA EM NOVA VIDA"
AM,MAUES,130290,2025,2025-12-04,2025-12,032363,"3.045,00",3045.0,PDDE - PROGRAMA DINHEIRO DIRETO NA ESCOLA,PDDE - Básico - 2ª parcela,,BANCO DO BRASIL,0947,0000318868,07509887000197,07.509.887/0001-97,"ASSOCIACAO DE PAIS, MESTRES E COMUNITARIOS DA EM NOVA VIDA"
AM,MAUES,130290,2025,2025-08-26,2025-08,019921,"3.755,00",3755.0,PDDE - PROGRAMA DINHEIRO DIRETO NA ESCOLA,PDDE - Básico - 1ª parcela,,BANCO DO BRASIL,0947,0000278084,34495952000145,34.495.952/0001-45,CONS ESCOLAR DA EE DE TEMPO INTEGRAL WALTON RODRIGUES BIZAN
AM,MAUES,130290,2025,2025-09-25,2025-09,023342,"3.755,00",3755.0,PDDE - PROGRAMA DINHEIRO DIRETO NA ESCOLA,PDDE - Básico - 2ª parcela,,BANCO DO BRASIL,0947,0000278084,34495952000145,34.495.952/0001-45,CONS ESCOLAR DA EE DE TEMPO INTEGRAL WALTON RODRIGUES BIZAN
AM,MAUES,130290,2025,2025-09-26,2025-09,024510,"3.945,00",3945.0,PDDE - PROGRAMA DINHEIRO DIRETO NA ESCOLA,PDDE - Básico - 1ª parcela,,BANCO DO BRASIL,0947,000024712X,01983189000142,01.983.189/0001-42,CONS ESCOLAR DO CENTRO EDUCACIONAL BATISTA EMANUEL DE MAUES
AM,MAUES,130290,2025,2025-09-26,2025-09,024562,"3.945,00",3945.0,PDDE - PROGRAMA DINHEIRO DIRETO NA ESCOLA,PDDE - Básico - 2ª parcela,,BANCO DO BRASIL,0947,000024712X,01983189000142,01.983.189/0001-42,CONS ESCOLAR DO CENTRO EDUCACIONAL BATISTA EMANUEL DE MAUES
AM,MAUES,130290,2025,2025-07-11,2025-07,015727,"2.465,00",2465.0,PDDE - PROGRAMA DINHEIRO DIRETO NA ESCOLA,PDDE - Básico - 1ª parcela,,BANCO DO BRASIL,0947,0000286532,01744182000178,01.744.182/0001-78,CONSELHO ESCOLAR DA EE CLOVIS PRADO DE NEGREIROS
AM,MAUES,130290,2025,2025-09-25,2025-09,023342,"2.465,00",2465.0,PDDE - PROGRAMA DINHEIRO DIRETO NA ESCOLA,PDDE - Básico - 2ª parcela,,BANCO DO BRASIL,0947,0000286532,01744182000178,01.744.182/0001-78,CONSELHO ESCOLAR DA EE CLOVIS PRADO DE NEGREIROS
AM,MAUES,130290,2025,2025-05-15,2025-05,007730,"3.335,00",3335.0,PDDE - PROGRAMA DINHEIRO DIRETO NA ESCOLA,PDDE - Básico - 1ª parcela,,BANCO DO BRASIL,0947,0000309095,56212675000159,56.212.675/0001-59,CONSELHO ESCOLAR DA EM ARI FELICIANO DOS SANTOS
AM,MAUES,130290,2025,2025-09-25,2025-09,023356,"3.335,00",3335.0,PDDE - PROGRAMA DINHEIRO DIRETO NA ESCOLA,PDDE - Básico - 2ª parcela,,BANCO DO BRASIL,0947,0000309095,56212675000159,56.212.675/0001-59,CONSELHO ESCOLAR DA EM ARI FELICIANO DOS SANTOS
AM,MAUES,130290,2025,2025-05-15,2025-05,007730,"6.595,00",6595.0,PDDE - PROGRAMA DINHEIRO DIRETO NA ESCOLA,PDDE - Básico - 1ª parcela,,BANCO DO BRASIL,0947,0000247138,01983195000108,01.983.195/0001-08,CONSELHO ESCOLAR DA EM FRANCISCO CANINDE CAVALCANTE
AM,MAUES,130290,2025,2025-10-15,2025-10,027059,"6.595,00",6595.0,PDDE - PROGRAMA DINHEIRO DIRETO NA ESCOLA,PDDE - Básico - 2ª parcela,,BANCO DO BRASIL,0947,0000247138,01983195000108,01.983.195/0001-08,CONSELHO ESCOLAR DA EM FRANCISCO CANINDE CAVALCANTE
AM,MAUES,130290,2025,2025-05-15,2025-05,007730,"3.775,00",3775.0,PDDE - PROGRAMA DINHEIRO DIRETO NA ESCOLA,PDDE - Básico - 1ª parcela,,BANCO DO BRASIL,0947,0000286575,03201924000144,03.201.924/0001-44,CONSELHO ESCOLAR DA EM MARIA DA CONCEICAO MEDEIROS DA ROCHA
AM,MAUES,130290,2025,2025-11-06,2025-11,029583,"3.775,00",3775.0,PDDE - PROGRAMA DINHEIRO DIRETO NA ESCOLA,PDDE - Básico - 2ª parcela,,BANCO DO BRASIL,0947,0000286575,03201924000144,03.201.924/0001-44,CONSELHO ESCOLAR DA EM MARIA DA CONCEICAO MEDEIROS DA ROCHA
AM,MAUES,130290,2025,2025-05-15,2025-05,007968,"3.005,00",3005.0,PDDE - PROGRAMA DINHEIRO DIRETO NA ESCOLA,PDDE -PDDE Básico  1ª Infância - 1ª Parcela,,BANCO DO BRASIL,0947,0000307262,01982755000100,01.982.755/0001-00,CONSELHO ESCOLAR DA EM NOSSA SENHORA DA CONCEICAO
AM,MAUES,130290,2025,2025-09-25,2025-09,023396,"3.005,00",3005.0,PDDE - PROGRAMA DINHEIRO DIRETO NA ESCOLA,PDDE -PDDE Básico  1ª Infância - 2ª Parcela,,BANCO DO BRASIL,0947,0000307262,01982755000100,01.982.755/0001-00,CONSELHO ESCOLAR DA EM NOSSA SENHORA DA CONCEICAO
AM,MAUES,130290,2025,2025-05-19,2025-05,009285,"3.775,00",3775.0,PDDE - PROGRAMA DINHEIRO DIRETO NA ESCOLA,PDDE - Básico - 1ª parcela,,BANCO DO BRASIL,0947,0000286567,03201650000193,03.201.650/0001-93,CONSELHO ESCOLAR DA EM PROF EDMUNDO XAVIER DE ALBUQUERQUE
AM,MAUES,130290,2025,2025-09-25,2025-09,023356,"3.775,00",3775.0,PDDE - PROGRAMA DINHEIRO DIRETO NA ESCOLA,PDDE - Básico - 2ª parcela,,BANCO DO BRASIL,0947,0000286567,03201650000193,03.201.650/0001-93,CONSELHO ESCOLAR DA EM PROF EDMUNDO XAVIER DE ALBUQUERQUE
AM,MAUES,130290,2025,2025-05-15,2025-05,007730,"2.845,00",2845.0,PDDE - PROGRAMA DINHEIRO DIRETO NA ESCOLA,PDDE - Básico - 1ª parcela,,BANCO DO BRASIL,0947,0000247103,01982754000157,01.982.754/0001-57,CONSELHO ESCOLAR DA EM SANTINA PRADO DE NEGREIROS
AM,MAUES,130290,2025,2025-09-25,2025-09,023356,"2.845,00",2845.0,PDDE - PROGRAMA DINHEIRO DIRETO NA ESCOLA,PDDE - Básico - 2ª parcela,,BANCO DO BRASIL,0947,0000247103,01982754000157,01.982.754/0001-57,CONSELHO ESCOLAR DA EM SANTINA PRADO DE NEGREIROS
AM,MAUES,130290,2025,2025-08-26,2025-08,019921,"3.755,00",3755.0,PDDE - PROGRAMA DINHEIRO DIRETO NA ESCOLA,PDDE - Básico - 1ª parcela,,BANCO DO BRASIL,0947,0000270296,22066111000133,22.066.111/0001-33,CONSELHO ESCOLAR DA ESCOLA ESTADUAL JOAO PAULO II
AM,MAUES,130290,2025,2025-09-25,2025-09,023342,"3.755,00",3755.0,PDDE - PROGRAMA DINHEIRO DIRETO NA ESCOLA,PDDE - Básico - 2ª parcela,,BANCO DO BRASIL,0947,0000270296,22066111000133,22.066.111/0001-33,CONSELHO ESCOLAR DA ESCOLA ESTADUAL JOAO PAULO II
AM,MAUES,130290,2025,2025-11-06,2025-11,029637,"3.965,00",3965.0,PDDE - PROGRAMA DINHEIRO DIRETO NA ESCOLA,PDDE - Básico - 1ª parcela,,BANCO DO BRASIL,0947,0000299863,01745444000119,01.745.444/0001-19,CONSELHO ESCOLAR DA ESCOLA ESTADUAL MIRIAM SAKIYAMA
AM,MAUES,130290,2025,2025-11-06,2025-11,029557,"3.965,00",3965.0,PDDE - PROGRAMA DINHEIRO DIRETO NA ESCOLA,PDDE - Básico - 2ª parcela,,BANCO DO BRASIL,0947,0000299863,01745444000119,01.745.444/0001-19,CONSELHO ESCOLAR DA ESCOLA ESTADUAL MIRIAM SAKIYAMA
AM,MAUES,130290,2025,2025-06-25,2025-06,013108,"12.655,00",12655.0,PDDE - PROGRAMA DINHEIRO DIRETO NA ESCOLA,PDDE - Básico - 1ª parcela,,BANCO DO BRASIL,0947,0000286540,02916446000196,02.916.446/0001-96,CONSELHO ESCOLAR DA ESCOLA ESTADUAL SAO PEDRO
AM,MAUES,130290,2025,2025-09-25,2025-09,023342,"12.655,00",12655.0,PDDE - PROGRAMA DINHEIRO DIRETO NA ESCOLA,PDDE - Básico - 2ª parcela,,BANCO DO BRASIL,0947,0000286540,02916446000196,02.916.446/0001-96,CONSELHO ESCOLAR DA ESCOLA ESTADUAL SAO PEDRO
AM,MAUES,130290,2025,2025-05-15,2025-05,007730,"3.535,00",3535.0,PDDE - PROGRAMA DINHEIRO DIRETO NA ESCOLA,PDDE - Básico - 1ª parcela,,BANCO DO BRASIL,0947,0000281085,03201884000130,03.201.884/0001-30,CONSELHO ESCOLAR DA ESCOLA MUNICIPAL CLARICE PARINTINS
AM,MAUES,130290,2025,2025-11-06,2025-11,029583,"4.345,00",4345.0,PDDE - PROGRAMA DINHEIRO DIRETO NA ESCOLA,PDDE - Básico - 2ª parcela,,BANCO DO BRASIL,0947,0000279501,03201221000116,03.201.221/0001-16,CONSELHO ESCOLAR DA ESCOLA MUNICIPAL INDIGENA WASIRI
AM,MAUES,130290,2025,2025-11-06,2025-11,029639,"4.345,00",4345.0,PDDE - PROGRAMA DINHEIRO DIRETO NA ESCOLA,PDDE - Básico - 1ª parcela,,BANCO DO BRASIL,0947,0000279501,03201221000116,03.201.221/0001-16,CONSELHO ESCOLAR DA ESCOLA MUNICIPAL INDIGENA WASIRI
AM,MAUES,130290,2025,2025-09-25,2025-09,023518,"2.895,00",2895.0,PDDE - PROGRAMA DINHEIRO DIRETO NA ESCOLA,PDDE - Básico - 1ª parcela,,BANCO DO BRASIL,0947,0000279234,03201705000165,03.201.705/0001-65,CONSELHO ESCOLAR DA ESCOLA MUNICIPAL NOEME LEDA LEVY
AM,MAUES,130290,2025,2025-09-26,2025-09,024562,"2.895,00",2895.0,PDDE - PROGRAMA DINHEIRO DIRETO NA ESCOLA,PDDE - Básico - 2ª parcela,,BANCO DO BRASIL,0947,0000279234,03201705000165,03.201.705/0001-65,CONSELHO ESCOLAR DA ESCOLA MUNICIPAL NOEME LEDA LEVY
AM,MAUES,130290,2025,2025-05-15,2025-05,007730,"4.085,00",4085.0,PDDE - PROGRAMA DINHEIRO DIRETO NA ESCOLA,PDDE - Básico - 1ª parcela,,BANCO DO BRASIL,0947,0000278068,03201313000104,03.201.313/0001-04,CONSELHO ESCOLAR DA ESCOLA MUNICIPAL SENADOR JOAO BOSCO
AM,MAUES,130290,2025,2025-09-25,2025-09,023356,"4.085,00",4085.0,PDDE - PROGRAMA DINHEIRO DIRETO NA ESCOLA,PDDE - Básico - 2ª parcela,,BANCO DO BRASIL,0947,0000278068,03201313000104,03.201.313/0001-04,CONSELHO ESCOLAR DA ESCOLA MUNICIPAL SENADOR JOAO BOSCO
AM,MAUES,130290,2025,2025-05-15,2025-05,007730,"3.285,00",3285.0,PDDE - PROGRAMA DINHEIRO DIRETO NA ESCOLA,PDDE - Básico - 1ª parcela,,BANCO DO BRASIL,0947,0000286559,03198867000191,03.198.867/0001-91,CONSELHO ESCOLAR DA ESCOLA MUNICIPAL SENADOR JOAO BOSCO
AM,MAUES,130290,2025,2025-09-25,2025-09,023356,"3.285,00",3285.0,PDDE - PROGRAMA DINHEIRO DIRETO NA ESCOLA,PDDE - Básico - 2ª parcela,,BANCO DO BRASIL,0947,0000286559,03198867000191,03.198.867/0001-91,CONSELHO ESCOLAR DA ESCOLA MUNICIPAL SENADOR JOAO BOSCO
AM,MAUES,130290,2025,2025-02-06,2025-02,001143,"47.865,00",47865.0,ALIMENTAÇÃO ESCOLAR - PROG.NACIONAL DE ALIMENTAÇÃO ESCOLAR,PNAE - Alimentação Escolar - Indígena,001,BANCO DO BRASIL,0947,0000166480,04282869000127,04.282.869/0001-27,PREF MUN DE MAUES
AM,MAUES,130290,2025,2025-02-06,2025-02,001116,"12.741,00",12741.0,ALIMENTAÇÃO ESCOLAR - PROG.NACIONAL DE ALIMENTAÇÃO ESCOLAR,PNAE - Alimentação Escolar - Creche,001,BANCO DO BRASIL,0947,0000166480,04282869000127,04.282.869/0001-27,PREF MUN DE MAUES
AM,MAUES,130290,2025,2025-02-06,2025-02,001141,"38.790,00",38790.0,ALIMENTAÇÃO ESCOLAR - PROG.NACIONAL DE ALIMENTAÇÃO ESCOLAR,PNAE - Alimentação Escolar - Pré-escola.,001,BANCO DO BRASIL,0947,0000166480,04282869000127,04.282.869/0001-27,PREF MUN DE MAUES
AM,MAUES,130290,2025,2025-02-06,2025-02,001182,"2.029,50",2029.5,ALIMENTAÇÃO ESCOLAR - PROG.NACIONAL DE ALIMENTAÇÃO ESCOLAR,PNAE - Alimentação Escolar - EJA,001,BANCO DO BRASIL,0947,0000166480,04282869000127,04.282.869/0001-27,PREF MUN DE MAUES
AM,MAUES,130290,2025,2025-02-06,2025-02,001170,"1.122,00",1122.0,ALIMENTAÇÃO ESCOLAR - PROG.NACIONAL DE ALIMENTAÇÃO ESCOLAR,PNAE - Alimentação Escolar - AEE,001,BANCO DO BRASIL,0947,0000166480,04282869000127,04.282.869/0001-27,PREF MUN DE MAUES
AM,MAUES,130290,2025,2025-02-06,2025-02,001118,"98.358,75",98358.75,ALIMENTAÇÃO ESCOLAR - PROG.NACIONAL DE ALIMENTAÇÃO ESCOLAR,PNAE - Alimentação Escolar -Ensino Fundamental,001,BANCO DO BRASIL,0947,0000166480,04282869000127,04.282.869/0001-27,PREF MUN DE MAUES
AM,MAUES,130290,2025,2025-02-28,2025-02,001939,"12.741,00",12741.0,ALIMENTAÇÃO ESCOLAR - PROG.NACIONAL DE ALIMENTAÇÃO ESCOLAR,PNAE - Alimentação Escolar - Creche,002,BANCO DO BRASIL,0947,0000166480,04282869000127,04.282.869/0001-27,PREF MUN DE MAUES
AM,MAUES,130290,2025,2025-02-28,2025-02,001918,"38.790,00",38790.0,ALIMENTAÇÃO ESCOLAR - PROG.NACIONAL DE ALIMENTAÇÃO ESCOLAR,PNAE - Alimentação Escolar - Pré-escola.,002,BANCO DO BRASIL,0947,0000166480,04282869000127,04.282.869/0001-27,PREF MUN DE MAUES
AM,MAUES,130290,2025,2025-03-07,2025-03,002067,"98.358,75",98358.75,ALIMENTAÇÃO ESCOLAR - PROG.NACIONAL DE ALIMENTAÇÃO ESCOLAR,PNAE - Alimentação Escolar -Ensino Fundamental,002,BANCO DO BRASIL,0947,0000166480,04282869000127,04.282.869/0001-27,PREF MUN DE MAUES
AM,MAUES,130290,2025,2025-03-07,2025-03,002032,"47.865,00",47865.0,ALIMENTAÇÃO ESCOLAR - PROG.NACIONAL DE ALIMENTAÇÃO ESCOLAR,PNAE - Alimentação Escolar - Indígena,002,BANCO DO BRASIL,0947,0000166480,04282869000127,04.282.869/0001-27,PREF MUN DE MAUES
AM,MAUES,130290,2025,2025-03-07,2025-03,002026,"1.122,00",1122.0,ALIMENTAÇÃO ESCOLAR - PROG.NACIONAL DE ALIMENTAÇÃO ESCOLAR,PNAE - Alimentação Escolar - AEE,002,BANCO DO BRASIL,0947,0000166480,04282869000127,04.282.869/0001-27,PREF MUN DE MAUES
AM,MAUES,130290,2025,2025-03-10,2025-03,002315,"2.029,50",2029.5,ALIMENTAÇÃO ESCOLAR - PROG.NACIONAL DE ALIMENTAÇÃO ESCOLAR,PNAE - Alimentação Escolar - EJA,002,BANCO DO BRASIL,0947,0000166480,04282869000127,04.282.869/0001-27,PREF MUN DE MAUES
AM,MAUES,130290,2025,2025-04-08,2025-04,004275,"47.865,00",47865.0,ALIMENTAÇÃO ESCOLAR - PROG.NACIONAL DE ALIMENTAÇÃO ESCOLAR,PNAE - Alimentação Escolar - Indígena,003,BANCO DO BRASIL,0947,0000166480,04282869000127,04.282.869/0001-27,PREF MUN DE MAUES
AM,MAUES,130290,2025,2025-04-08,2025-04,004329,"38.790,00",38790.0,ALIMENTAÇÃO ESCOLAR - PROG.NACIONAL DE ALIMENTAÇÃO ESCOLAR,PNAE - Alimentação Escolar - Pré-escola.,003,BANCO DO BRASIL,0947,0000166480,04282869000127,04.282.869/0001-27,PREF MUN DE MAUES
AM,MAUES,130290,2025,2025-04-08,2025-04,004241,"2.029,50",2029.5,ALIMENTAÇÃO ESCOLAR - PROG.NACIONAL DE ALIMENTAÇÃO ESCOLAR,PNAE - Alimentação Escolar - EJA,003,BANCO DO BRASIL,0947,0000166480,04282869000127,04.282.869/0001-27,PREF MUN DE MAUES
AM,MAUES,130290,2025,2025-04-08,2025-04,004288,"98.358,75",98358.75,ALIMENTAÇÃO ESCOLAR - PROG.NACIONAL DE ALIMENTAÇÃO ESCOLAR,PNAE - Alimentação Escolar -Ensino Fundamental,003,BANCO DO BRASIL,0947,0000166480,04282869000127,04.282.869/0001-27,PREF MUN DE MAUES
AM,MAUES,130290,2025,2025-04-08,2025-04,004165,"12.741,00",12741.0,ALIMENTAÇÃO ESCOLAR - PROG.NACIONAL DE ALIMENTAÇÃO ESCOLAR,PNAE - Alimentação Escolar - Creche,003,BANCO DO BRASIL,0947,0000166480,04282869000127,04.282.869/0001-27,PREF MUN DE MAUES
AM,MAUES,130290,2025,2025-04-09,2025-04,004751,"1.122,00",1122.0,ALIMENTAÇÃO ESCOLAR - PROG.NACIONAL DE ALIMENTAÇÃO ESCOLAR,PNAE - Alimentação Escolar - AEE,003,BANCO DO BRASIL,0947,0000166480,04282869000127,04.282.869/0001-27,PREF MUN DE MAUES
AM,MAUES,130290,2025,2025-05-07,2025-05,006609,"12.741,00",12741.0,ALIMENTAÇÃO ESCOLAR - PROG.NACIONAL DE ALIMENTAÇÃO ESCOLAR,PNAE - Alimentação Escolar - Creche,004,BANCO DO BRASIL,0947,0000166480,04282869000127,04.282.869/0001-27,PREF MUN DE MAUES
AM,MAUES,130290,2025,2025-05-07,2025-05,006581,"2.029,50",2029.5,ALIMENTAÇÃO ESCOLAR - PROG.NACIONAL DE ALIMENTAÇÃO ESCOLAR,PNAE - Alimentação Escolar - EJA,004,BANCO DO BRASIL,0947,0000166480,04282869000127,04.282.869/0001-27,PREF MUN DE MAUES
AM,MAUES,130290,2025,2025-05-07,2025-05,006402,"1.122,00",1122.0,ALIMENTAÇÃO ESCOLAR - PROG.NACIONAL DE ALIMENTAÇÃO ESCOLAR,PNAE - Alimentação Escolar - AEE,004,BANCO DO BRASIL,0947,0000166480,04282869000127,04.282.869/0001-27,PREF MUN DE MAUES
AM,MAUES,130290,2025,2025-05-07,2025-05,006779,"47.865,00",47865.0,ALIMENTAÇÃO ESCOLAR - PROG.NACIONAL DE ALIMENTAÇÃO ESCOLAR,PNAE - Alimentação Escolar - Indígena,004,BANCO DO BRASIL,0947,0000166480,04282869000127,04.282.869/0001-27,PREF MUN DE MAUES
AM,MAUES,130290,2025,2025-05-07,2025-05,006535,"98.358,75",98358.75,ALIMENTAÇÃO ESCOLAR - PROG.NACIONAL DE ALIMENTAÇÃO ESCOLAR,PNAE - Alimentação Escolar -Ensino Fundamental,004,BANCO DO BRASIL,0947,0000166480,04282869000127,04.282.869/0001-27,PREF MUN DE MAUES
AM,MAUES,130290,2025,2025-05-07,2025-05,006583,"38.790,00",38790.0,ALIMENTAÇÃO ESCOLAR - PROG.NACIONAL DE ALIMENTAÇÃO ESCOLAR,PNAE - Alimentação Escolar - Pré-escola.,004,BANCO DO BRASIL,0947,0000166480,04282869000127,04.282.869/0001-27,PREF MUN DE MAUES
AM,MAUES,130290,2025,2025-06-03,2025-06,010365,"2.029,50",2029.5,ALIMENTAÇÃO ESCOLAR - PROG.NACIONAL DE ALIMENTAÇÃO ESCOLAR,PNAE - Alimentação Escolar - EJA,005,BANCO DO BRASIL,0947,0000166480,04282869000127,04.282.869/0001-27,PREF MUN DE MAUES
AM,MAUES,130290,2025,2025-06-04,2025-06,010713,"38.790,00",38790.0,ALIMENTAÇÃO ESCOLAR - PROG.NACIONAL DE ALIMENTAÇÃO ESCOLAR,PNAE - Alimentação Escolar - Pré-escola.,005,BANCO DO BRASIL,0947,0000166480,04282869000127,04.282.869/0001-27,PREF MUN DE MAUES
AM,MAUES,130290,2025,2025-06-04,2025-06,010655,"12.741,00",12741.0,ALIMENTAÇÃO ESCOLAR - PROG.NACIONAL DE ALIMENTAÇÃO ESCOLAR,PNAE - Alimentação Escolar - Creche,005,BANCO DO BRASIL,0947,0000166480,04282869000127,04.282.869/0001-27,PREF MUN DE MAUES
AM,MAUES,130290,2025,2025-06-04,2025-06,010873,"98.358,75",98358.75,ALIMENTAÇÃO ESCOLAR - PROG.NACIONAL DE ALIMENTAÇÃO ESCOLAR,PNAE - Alimentação Escolar -Ensino Fundamental,005,BANCO DO BRASIL,0947,0000166480,04282869000127,04.282.869/0001-27,PREF MUN DE MAUES
AM,MAUES,130290,2025,2025-06-04,2025-06,010961,"47.865,00",47865.0,ALIMENTAÇÃO ESCOLAR - PROG.NACIONAL DE ALIMENTAÇÃO ESCOLAR,PNAE - Alimentação Escolar - Indígena,005,BANCO DO BRASIL,0947,0000166480,04282869000127,04.282.869/0001-27,PREF MUN DE MAUES
AM,MAUES,130290,2025,2025-06-04,2025-06,010596,"1.122,00",1122.0,ALIMENTAÇÃO ESCOLAR - PROG.NACIONAL DE ALIMENTAÇÃO ESCOLAR,PNAE - Alimentação Escolar - AEE,005,BANCO DO BRASIL,0947,0000166480,04282869000127,04.282.869/0001-27,PREF MUN DE MAUES
AM,MAUES,130290,2025,2025-07-03,2025-07,014080,"1.122,00",1122.0,ALIMENTAÇÃO ESCOLAR - PROG.NACIONAL DE ALIMENTAÇÃO ESCOLAR,PNAE - Alimentação Escolar - AEE,006,BANCO DO BRASIL,0947,0000166480,04282869000127,04.282.869/0001-27,PREF MUN DE MAUES
AM,MAUES,130290,2025,2025-07-03,2025-07,014160,"47.865,00",47865.0,ALIMENTAÇÃO ESCOLAR - PROG.NACIONAL DE ALIMENTAÇÃO ESCOLAR,PNAE - Alimentação Escolar - Indígena,006,BANCO DO BRASIL,0947,0000166480,04282869000127,04.282.869/0001-27,PREF MUN DE MAUES
AM,MAUES,130290,2025,2025-07-03,2025-07,013848,"38.790,00",38790.0,ALIMENTAÇÃO ESCOLAR - PROG.NACIONAL DE ALIMENTAÇÃO ESCOLAR,PNAE - Alimentação Escolar - Pré-escola.,006,BANCO DO BRASIL,0947,0000166480,04282869000127,04.282.869/0001-27,PREF MUN DE MAUES
AM,MAUES,130290,2025,2025-07-03,2025-07,014131,"2.029,50",2029.5,ALIMENTAÇÃO ESCOLAR - PROG.NACIONAL DE ALIMENTAÇÃO ESCOLAR,PNAE - Alimentação Escolar - EJA,006,BANCO DO BRASIL,0947,0000166480,04282869000127,04.282.869/0001-27,PREF MUN DE MAUES
AM,MAUES,130290,2025,2025-07-03,2025-07,014308,"12.741,00",12741.0,ALIMENTAÇÃO ESCOLAR - PROG.NACIONAL DE ALIMENTAÇÃO ESCOLAR,PNAE - Alimentação Escolar - Creche,006,BANCO DO BRASIL,0947,0000166480,04282869000127,04.282.869/0001-27,PREF MUN DE MAUES
AM,MAUES,130290,2025,2025-07-03,2025-07,013785,"98.358,75",98358.75,ALIMENTAÇÃO ESCOLAR - PROG.NACIONAL DE ALIMENTAÇÃO ESCOLAR,PNAE - Alimentação Escolar -Ensino Fundamental,006,BANCO DO BRASIL,0947,0000166480,04282869000127,04.282.869/0001-27,PREF MUN DE MAUES
AM,MAUES,130290,2025,2025-08-05,2025-08,017755,"12.741,00",12741.0,ALIMENTAÇÃO ESCOLAR - PROG.NACIONAL DE ALIMENTAÇÃO ESCOLAR,PNAE - Alimentação Escolar - Creche,007,BANCO DO BRASIL,0947,0000166480,04282869000127,04.282.869/0001-27,PREF MUN DE MAUES
AM,MAUES,130290,2025,2025-08-05,2025-08,017499,"2.029,50",2029.5,ALIMENTAÇÃO ESCOLAR - PROG.NACIONAL DE ALIMENTAÇÃO ESCOLAR,PNAE - Alimentação Escolar - EJA,007,BANCO DO BRASIL,0947,0000166480,04282869000127,04.282.869/0001-27,PREF MUN DE MAUES
AM,MAUES,130290,2025,2025-08-05,2025-08,017561,"38.790,00",38790.0,ALIMENTAÇÃO ESCOLAR - PROG.NACIONAL DE ALIMENTAÇÃO ESCOLAR,PNAE - Alimentação Escolar - Pré-escola.,007,BANCO DO BRASIL,0947,0000166480,04282869000127,04.282.869/0001-27,PREF MUN DE MAUES
AM,MAUES,130290,2025,2025-08-05,2025-08,017715,"98.358,75",98358.75,ALIMENTAÇÃO ESCOLAR - PROG.NACIONAL DE ALIMENTAÇÃO ESCOLAR,PNAE - Alimentação Escolar -Ensino Fundamental,007,BANCO DO BRASIL,0947,0000166480,04282869000127,04.282.869/0001-27,PREF MUN DE MAUES
AM,MAUES,130290,2025,2025-08-05,2025-08,017601,"47.865,00",47865.0,ALIMENTAÇÃO ESCOLAR - PROG.NACIONAL DE ALIMENTAÇÃO ESCOLAR,PNAE - Alimentação Escolar - Indígena,007,BANCO DO BRASIL,0947,0000166480,04282869000127,04.282.869/0001-27,PREF MUN DE MAUES
AM,MAUES,130290,2025,2025-08-05,2025-08,017505,"1.122,00",1122.0,ALIMENTAÇÃO ESCOLAR - PROG.NACIONAL DE ALIMENTAÇÃO ESCOLAR,PNAE - Alimentação Escolar - AEE,007,BANCO DO BRASIL,0947,0000166480,04282869000127,04.282.869/0001-27,PREF MUN DE MAUES
AM,MAUES,130290,2025,2025-09-15,2025-09,021834,"2.029,50",2029.5,ALIMENTAÇÃO ESCOLAR - PROG.NACIONAL DE ALIMENTAÇÃO ESCOLAR,PNAE - Alimentação Escolar - EJA,008,BANCO DO BRASIL,0947,0000166480,04282869000127,04.282.869/0001-27,PREF MUN DE MAUES
AM,MAUES,130290,2025,2025-09-15,2025-09,021699,"47.865,00",47865.0,ALIMENTAÇÃO ESCOLAR - PROG.NACIONAL DE ALIMENTAÇÃO ESCOLAR,PNAE - Alimentação Escolar - Indígena,008,BANCO DO BRASIL,0947,0000166480,04282869000127,04.282.869/0001-27,PREF MUN DE MAUES
AM,MAUES,130290,2025,2025-09-15,2025-09,021510,"38.790,00",38790.0,ALIMENTAÇÃO ESCOLAR - PROG.NACIONAL DE ALIMENTAÇÃO ESCOLAR,PNAE - Alimentação Escolar - Pré-escola.,008,BANCO DO BRASIL,0947,0000166480,04282869000127,04.282.869/0001-27,PREF MUN DE MAUES
AM,MAUES,130290,2025,2025-09-15,2025-09,021841,"1.122,00",1122.0,ALIMENTAÇÃO ESCOLAR - PROG.NACIONAL DE ALIMENTAÇÃO ESCOLAR,PNAE - Alimentação Escolar - AEE,008,BANCO DO BRASIL,0947,0000166480,04282869000127,04.282.869/0001-27,PREF MUN DE MAUES
AM,MAUES,130290,2025,2025-09-15,2025-09,021423,"98.358,75",98358.75,ALIMENTAÇÃO ESCOLAR - PROG.NACIONAL DE ALIMENTAÇÃO ESCOLAR,PNAE - Alimentação Escolar -Ensino Fundamental,008,BANCO DO BRASIL,0947,0000166480,04282869000127,04.282.869/0001-27,PREF MUN DE MAUES
AM,MAUES,130290,2025,2025-09-23,2025-09,023160,"12.741,00",12741.0,ALIMENTAÇÃO ESCOLAR - PROG.NACIONAL DE ALIMENTAÇÃO ESCOLAR,PNAE - Alimentação Escolar - Creche,008,BANCO DO BRASIL,0947,0000166480,04282869000127,04.282.869/0001-27,PREF MUN DE MAUES
